{
  "project_info": {
    "project_number": "214198756082",
    "firebase_url": "https://mpaa-97854.firebaseio.com",
    "project_id": "mpaa-97854",
    "storage_bucket": "mpaa-97854.appspot.com"
  },
  "client": [
    {
      "client_info": {
        "mobilesdk_app_id": "1:214198756082:android:1839a9a6648620e267666b",
        "android_client_info": {
          "package_name": "com.example.mpa"
        }
      },
      "oauth_client": [
        {
          "client_id": "214198756082-3d3ad3kc8lnukgl1qpb00h3sb5fhpfv8.apps.googleusercontent.com",
          "client_type": 1,
          "android_info": {
            "package_name": "com.example.mpa",
            "certificate_hash": "e67d12e06f952605ef499ec788d3fa93dd4a6d56"
          }
        },
        {
          "client_id": "214198756082-2lhhndbd8pc2jfjfnhn5m8v0oq8i9q1m.apps.googleusercontent.com",
          "client_type": 3
        }
      ],
      "api_key": [
        {
          "current_key": "AIzaSyDrGKOPYuy60MzClZuHNNuI7LQxZsWKseQ"
        }
      ],
      "services": {
        "appinvite_service": {
          "other_platform_oauth_client": [
            {
              "client_id": "214198756082-2lhhndbd8pc2jfjfnhn5m8v0oq8i9q1m.apps.googleusercontent.com",
              "client_type": 3
            }
          ]
        }
      }
    }
  ],
  "configuration_version": "1"
}